Here are the functions available in JSONSchema format:
<tools>
    <tool>
        <method>add</method>
        <method_description>Adds two numbers</method_description>
        <parameters>
            <parameter>
                <param>first_operand</param>
                <type>int</type>
                <description>First operand (before the operator)</description>
            </parameter>
            <parameter>
                <param>second_operand</param>
                <type>int</type>
                <description>Second operand (after the operator)</description>
            </parameter>
            <operands>
                <operand>
                    <value>4</value>
                    <type>int</type>
                </operand>
                <operand>
                    <value>5</value>
                    <type>int</type>\
                </operand>
            </operands>
        </parameters>
        <results>
            <result>
                <return>result</return>
                <type>int</type>
            </result>
        </results>
    </tool>
    <tool>
        <method>generate_markdown_from_text</method>
        <method_description>Generates markdown from plain text</method_description>
        <parameters>
            <parameter>
                <param>first_operand</param>
                <type>text_plain</type>
                <description>A chunk of plain text,user wants markdown in return</description>
            </parameter>
            <operands>
                <operand>
                    <value>The Benefits of Regular Exercise

Physical activity is essential for maintaining health. It strengthens muscles, improves cardiovascular function, and boosts mental well-being. Studies show that even 30 minutes of daily exercise reduces the risk of chronic diseases. Walking, cycling, or yoga can enhance flexibility and endurance.

Key benefits include:

Increased energy levels
Better sleep quality
Improved mood and focus
Long-term disease prevention
For beginners, start with short sessions and gradually increase intensity. Consult a healthcare provider before starting new routines. Learn more at health.gov .

def sort_names(names):
sorted_list = sorted(names, key=lambda x: (x.split()[-1], x.split()[0]))
return {"sorted_names": sorted_list}  </value>
                    <type>text_plain</type>
                </operand>
            </operands>
        </parameters>
        <results>
            <result>
                <return>result</return>
                <type>text_markdown</type>
            </result>
        </results>
    </tool>
    <tool>
        <method>fetch_documentation</method>
        <method_description>Fetches the documentation from a given URL</method_description>
        <parameters>
            <parameter>
                <param>first_operand</param>
                <type>url</type>
                <description>The url of the documentation to scrape</description>
            </parameter>
            <operands>
                <operand>
                    <value>https://docs.anthropic.com/en/api/getting-started</value>
                    <type>url</type>
                </operand>
            </operands>
        </parameters>
        <results>
            <result>
                <return>documentation_html</return>
                <type>text_html</type>
                <description>The html scraped from the documentation</description>
            </result>
        </results>
    </tool>
</tools>
